{
    "MAE": 0.8015100094164502,
    "RMSE": 1.0347247124944028,
    "R2": 0.5157598507625712,
    "classification_accuracy": 0.8186900958466453,
    "best_params": {
        "learning_rate": 0.1,
        "max_depth": 7,
        "n_estimators": 150,
        "subsample": 0.8
    }
}